id,etiqueta,grupo,tipo,rango,default,osc,osc_norm,fuentes
master.brightness,Brillo master,master,float,0 .. 1,1,/p/master/brightness,/pn/master/brightness,
master.blackout,Blackout,master,bool,false | true,false,/p/master/blackout,/pn/master/blackout,
master.bloomEnabled,Bloom on,master,bool,false | true,true,/p/master/bloomEnabled,/pn/master/bloomEnabled,
master.quality,Calidad,master,enum,ultra | high | medium | low,high,/p/master/quality,/pn/master/quality,
bloom.strength,Bloom fuerza,bloom,float,0 .. 2,0.9,/p/bloom/strength,/pn/bloom/strength,
bloom.radius,Bloom radio,bloom,float,0 .. 1,0.8,/p/bloom/radius,/pn/bloom/radius,
bloom.threshold,Bloom umbral,bloom,float,0 .. 1,0,/p/bloom/threshold,/pn/bloom/threshold,
scene.current,Escena actual,scene,enum,1 | 2 | 3 | 4 | 5 | 6 | 7 | 8 | 9 | 10 | 11 | 12 | 13 | 14 | 15 | 16 | 17 | 18 | 19 | 20 | 21 | 22 | 23,1,/p/scene/current,/pn/scene/current,
warning.band,Banda,warning,float,0 .. 1,0,/p/warning/band,/pn/warning/band,
warning.bg,Fondo (chevrones),warning,float,0 .. 1,0,/p/warning/bg,/pn/warning/bg,
warning.scroll,Scroll texto (px/s),warning,float,-200 .. 200,0,/p/warning/scroll,/pn/warning/scroll,
warning.pulseAttack,Pulso ataque (s),warning,float,0.1 .. 10,1,/p/warning/pulseAttack,/pn/warning/pulseAttack,
warning.pulseRelease,Pulso caída (s),warning,float,0.1 .. 10,2,/p/warning/pulseRelease,/pn/warning/pulseRelease,
grid.opacity,Grillas,grid,float,0 .. 1,0,/p/grid/opacity,/pn/grid/opacity,
grid.lineWidth,Grosor línea (px),grid,int,1 .. 8,1,/p/grid/lineWidth,/pn/grid/lineWidth,
grid.brightness,Brillo,grid,float,0 .. 1,0.6,/p/grid/brightness,/pn/grid/brightness,
grid.cellW,Celda ancho (px),grid,int,8 .. 1008,96,/p/grid/cellW,/pn/grid/cellW,
grid.cellH,Celda alto (px),grid,int,8 .. 1008,96,/p/grid/cellH,/pn/grid/cellH,
grid.coarse,Celdas gruesas,grid,bool,false | true,false,/p/grid/coarse,/pn/grid/coarse,
grid.scrollSpeed,Scroll (px/s),grid,float,0 .. 400,12,/p/grid/scrollSpeed,/pn/grid/scrollSpeed,
grid.pixelSnap,Ajuste a píxel,grid,bool,false | true,true,/p/grid/pixelSnap,/pn/grid/pixelSnap,
grid.fadeTime,Fade on/off (s),grid,float,0 .. 2,0.15,/p/grid/fadeTime,/pn/grid/fadeTime,
grid.b1.enabled,Bloque 1,grid,bool,false | true,false,/p/grid/b1/enabled,/pn/grid/b1/enabled,
grid.b1.dir,Bloque 1 sentido,grid,int,-1 .. 1,1,/p/grid/b1/dir,/pn/grid/b1/dir,
grid.b1.speedMul,Bloque 1 vel.,grid,float,0 .. 3,1,/p/grid/b1/speedMul,/pn/grid/b1/speedMul,
grid.b1.offsetY,Bloque 1 offset Y,grid,float,0 .. 1008,0,/p/grid/b1/offsetY,/pn/grid/b1/offsetY,
grid.b2.enabled,Bloque 2,grid,bool,false | true,false,/p/grid/b2/enabled,/pn/grid/b2/enabled,
grid.b2.dir,Bloque 2 sentido,grid,int,-1 .. 1,1,/p/grid/b2/dir,/pn/grid/b2/dir,
grid.b2.speedMul,Bloque 2 vel.,grid,float,0 .. 3,1,/p/grid/b2/speedMul,/pn/grid/b2/speedMul,
grid.b2.offsetY,Bloque 2 offset Y,grid,float,0 .. 1008,0,/p/grid/b2/offsetY,/pn/grid/b2/offsetY,
grid.b3.enabled,Bloque 3,grid,bool,false | true,false,/p/grid/b3/enabled,/pn/grid/b3/enabled,
grid.b3.dir,Bloque 3 sentido,grid,int,-1 .. 1,1,/p/grid/b3/dir,/pn/grid/b3/dir,
grid.b3.speedMul,Bloque 3 vel.,grid,float,0 .. 3,1,/p/grid/b3/speedMul,/pn/grid/b3/speedMul,
grid.b3.offsetY,Bloque 3 offset Y,grid,float,0 .. 1008,0,/p/grid/b3/offsetY,/pn/grid/b3/offsetY,
grid.b4.enabled,Bloque 4,grid,bool,false | true,false,/p/grid/b4/enabled,/pn/grid/b4/enabled,
grid.b4.dir,Bloque 4 sentido,grid,int,-1 .. 1,1,/p/grid/b4/dir,/pn/grid/b4/dir,
grid.b4.speedMul,Bloque 4 vel.,grid,float,0 .. 3,1,/p/grid/b4/speedMul,/pn/grid/b4/speedMul,
grid.b4.offsetY,Bloque 4 offset Y,grid,float,0 .. 1008,0,/p/grid/b4/offsetY,/pn/grid/b4/offsetY,
grid.b5.enabled,Bloque 5,grid,bool,false | true,false,/p/grid/b5/enabled,/pn/grid/b5/enabled,
grid.b5.dir,Bloque 5 sentido,grid,int,-1 .. 1,1,/p/grid/b5/dir,/pn/grid/b5/dir,
grid.b5.speedMul,Bloque 5 vel.,grid,float,0 .. 3,1,/p/grid/b5/speedMul,/pn/grid/b5/speedMul,
grid.b5.offsetY,Bloque 5 offset Y,grid,float,0 .. 1008,0,/p/grid/b5/offsetY,/pn/grid/b5/offsetY,
sweep.enabled,Barridos,sweep,bool,false | true,false,/p/sweep/enabled,/pn/sweep/enabled,
sweep.opacity,Opacidad,sweep,float,0 .. 1,1,/p/sweep/opacity,/pn/sweep/opacity,
sweep.duration,Duración (s),sweep,float,0.1 .. 6,1.2,/p/sweep/duration,/pn/sweep/duration,
sweep.length,Largo (frac. alto),sweep,float,0.1 .. 1.5,0.7,/p/sweep/length,/pn/sweep/length,
sweep.solidHeight,Alto sólido,sweep,float,0.1 .. 1,0.5,/p/sweep/solidHeight,/pn/sweep/solidHeight,
sweep.dirBlue,Sentido azul,sweep,enum,down | up | random,down,/p/sweep/dirBlue,/pn/sweep/dirBlue,
sweep.dirWhite,Sentido blanco,sweep,enum,down | up | random,up,/p/sweep/dirWhite,/pn/sweep/dirWhite,
sweep.dirSolid,Sentido sólido,sweep,enum,down | up | random,random,/p/sweep/dirSolid,/pn/sweep/dirSolid,
sweep.blueColor,Azul,sweep,color,hex #RRGGBB,#0000C8,/p/sweep/blueColor,/pn/sweep/blueColor,
sweep.whiteColor,Blanco,sweep,color,hex #RRGGBB,#C8C8C8,/p/sweep/whiteColor,/pn/sweep/whiteColor,
sweep.avoidRepeat,No repetir bloque,sweep,bool,false | true,true,/p/sweep/avoidRepeat,/pn/sweep/avoidRepeat,
frame.opacity,Marco,frame,float,0 .. 1,0,/p/frame/opacity,/pn/frame/opacity,
frame.thickness,Grosor (px),frame,int,1 .. 60,10,/p/frame/thickness,/pn/frame/thickness,
frame.color,Color,frame,color,hex #RRGGBB,#7A0000,/p/frame/color,/pn/frame/color,
line.opacity,Línea,line,float,0 .. 1,0,/p/line/opacity,/pn/line/opacity,
line.mode,Modo,line,enum,strike | loop,strike,/p/line/mode,/pn/line/mode,
line.width,Ancho (px),line,int,1 .. 20,3,/p/line/width,/pn/line/width,
line.speed,Velocidad (px/s),line,float,0 .. 600,30,/p/line/speed,/pn/line/speed,
line.direction,Sentido,line,int,-1 .. 1,1,/p/line/direction,/pn/line/direction,
line.orientation,Orientación,line,enum,vertical | horizontal,vertical,/p/line/orientation,/pn/line/orientation,
line.strikeTime,Caída (s),line,float,0.02 .. 1,0.12,/p/line/strikeTime,/pn/line/strikeTime,
line.fadeOut,Apagado (s),line,float,0 .. 2,0.3,/p/line/fadeOut,/pn/line/fadeOut,
line.maxLines,Líneas simultáneas,line,int,1 .. 8,1,/p/line/maxLines,/pn/line/maxLines,
line.wrap,Wrap (modo loop),line,bool,false | true,true,/p/line/wrap,/pn/line/wrap,
line.x,Posición,line,float,0 .. 2688,0,/p/line/x,/pn/line/x,
layer3d.opacity,Capa 3D,layer3d,float,0 .. 1,0,/p/layer3d/opacity,/pn/layer3d/opacity,
camera.eyeX,Ojo X (m),camera,float,-4 .. 4,0,/p/camera/eyeX,/pn/camera/eyeX,
camera.eyeY,Ojo Y (m),camera,float,0 .. 3,1,/p/camera/eyeY,/pn/camera/eyeY,
camera.eyeZ,Ojo Z (m),camera,float,1 .. 10,4,/p/camera/eyeZ,/pn/camera/eyeZ,
floor.opacity,Piso,floor,float,0 .. 1,0,/p/floor/opacity,/pn/floor/opacity,
floor.brightness,Brillo,floor,float,0 .. 1,1,/p/floor/brightness,/pn/floor/brightness,
floor.laneSpacing,Separación carriles (m),floor,float,0.1 .. 3,0.5,/p/floor/laneSpacing,/pn/floor/laneSpacing,
floor.dashLength,Largo dash (m),floor,float,0.05 .. 3,0.4,/p/floor/dashLength,/pn/floor/dashLength,
floor.dashPeriod,Período dash (m),floor,float,0.1 .. 6,1,/p/floor/dashPeriod,/pn/floor/dashPeriod,
floor.dashWidth,Ancho dash (m),floor,float,0.01 .. 0.5,0.08,/p/floor/dashWidth,/pn/floor/dashWidth,
floor.scrollSpeed,Avance (m/s),floor,float,-5 .. 5,0.6,/p/floor/scrollSpeed,/pn/floor/scrollSpeed,
floor.revealDuration,Duración aparición (s),floor,float,0.1 .. 20,4,/p/floor/revealDuration,/pn/floor/revealDuration,
floor.fadeFar,Fade lejano (m),floor,float,5 .. 60,30,/p/floor/fadeFar,/pn/floor/fadeFar,
floor.revealDist,Alcance actual (m),floor,float,0 .. 60,0,/p/floor/revealDist,/pn/floor/revealDist,
box.visible,Aristas,box,float,0 .. 1,0,/p/box/visible,/pn/box/visible,
box.enabled,Límite activo,box,bool,false | true,true,/p/box/enabled,/pn/box/enabled,
box.preset,Posición,box,enum,left | center | right,center,/p/box/preset,/pn/box/preset,
box.x,X (m),box,float,-4 .. 4,0,/p/box/x,/pn/box/x,
box.y,Y (m),box,float,0 .. 4,1.5,/p/box/y,/pn/box/y,
box.z,Z (m),box,float,-5 .. 0,-1.84,/p/box/z,/pn/box/z,
box.width,Ancho (m),box,float,0.5 .. 8,2.6,/p/box/width,/pn/box/width,
box.height,Alto (m),box,float,0.5 .. 8,3,/p/box/height,/pn/box/height,
box.depth,Profundidad (m),box,float,0.5 .. 8,2.6,/p/box/depth,/pn/box/depth,
box.yaw,Giro Y (°),box,float,-180 .. 180,45,/p/box/yaw,/pn/box/yaw,
box.yawSpeed,Giro continuo (°/s),box,float,-90 .. 90,0,/p/box/yawSpeed,/pn/box/yawSpeed,
box.wallStiffness,Rigidez pared,box,float,0 .. 2,0.3,/p/box/wallStiffness,/pn/box/wallStiffness,
box.wallMaxPush,Empuje máximo,box,float,0 .. 5,1,/p/box/wallMaxPush,/pn/box/wallMaxPush,
box.hardClamp,Clamp duro,box,bool,false | true,false,/p/box/hardClamp,/pn/box/hardClamp,
box.flicker,Titileo,box,bool,false | true,false,/p/box/flicker,/pn/box/flicker,
box.flickerRate,Titileo (Hz),box,float,0.5 .. 30,8,/p/box/flickerRate,/pn/box/flickerRate,
box.flickerDuty,Titileo duty,box,float,0 .. 1,0.5,/p/box/flickerDuty,/pn/box/flickerDuty,
box.color,Color,box,color,hex #RRGGBB,#FFFFFF,/p/box/color,/pn/box/color,
redBlock.opacity,Bloque rojo,redBlock,float,0 .. 1,0,/p/redBlock/opacity,/pn/redBlock/opacity,
redBlock.side,Lado,redBlock,enum,left | right,left,/p/redBlock/side,/pn/redBlock/side,
redBlock.x,X (m),redBlock,float,0 .. 6,3.3,/p/redBlock/x,/pn/redBlock/x,
redBlock.z,Z (m),redBlock,float,-5 .. 0,-1,/p/redBlock/z,/pn/redBlock/z,
redBlock.width,Ancho (m),redBlock,float,0.2 .. 6,2.2,/p/redBlock/width,/pn/redBlock/width,
redBlock.height,Alto (m),redBlock,float,0.2 .. 6,2.4,/p/redBlock/height,/pn/redBlock/height,
redBlock.yaw,Giro (°),redBlock,float,-90 .. 90,20,/p/redBlock/yaw,/pn/redBlock/yaw,
redBlock.color,Color,redBlock,color,hex #RRGGBB,#B00000,/p/redBlock/color,/pn/redBlock/color,
redBlock.attract,Atracción,redBlock,float,0 .. 10,0,/p/redBlock/attract,/pn/redBlock/attract,
redBlock.attractRadius,Radio atracción (m),redBlock,float,0.2 .. 6,2,/p/redBlock/attractRadius,/pn/redBlock/attractRadius,
debris.opacity,Esquirlas,debris,float,0 .. 1,0,/p/debris/opacity,/pn/debris/opacity,
debris.count,Por impacto,debris,int,0 .. 300,60,/p/debris/count,/pn/debris/count,
debris.size,Tamaño (m),debris,float,0.01 .. 0.3,0.06,/p/debris/size,/pn/debris/size,
debris.speed,Velocidad (m/s),debris,float,0 .. 8,2,/p/debris/speed,/pn/debris/speed,
debris.lifetime,Duración (s),debris,float,0.2 .. 10,3,/p/debris/lifetime,/pn/debris/lifetime,
debris.gravity,Gravedad,debris,float,0 .. 20,6,/p/debris/gravity,/pn/debris/gravity,
debris.bounce,Rebote,debris,float,0 .. 1,0.4,/p/debris/bounce,/pn/debris/bounce,
debris.friction,Fricción,debris,float,0 .. 1,0.9,/p/debris/friction,/pn/debris/friction,
rays.enabled,Rayos,rays,bool,false | true,false,/p/rays/enabled,/pn/rays/enabled,
rays.opacity,Opacidad,rays,float,0 .. 1,0,/p/rays/opacity,/pn/rays/opacity,
rays.fallSpeed,Velocidad (m/s),rays,float,0.5 .. 30,6,/p/rays/fallSpeed,/pn/rays/fallSpeed,
rays.length,Largo (m),rays,float,0.1 .. 4,0.8,/p/rays/length,/pn/rays/length,
rays.width,Ancho (m),rays,float,0.01 .. 0.5,0.1,/p/rays/width,/pn/rays/width,
rays.startY,Altura inicial (m),rays,float,3 .. 8,4.5,/p/rays/startY,/pn/rays/startY,
rays.zMin,Z mínimo (m),rays,float,-5 .. 0,-2.5,/p/rays/zMin,/pn/rays/zMin,
rays.zMax,Z máximo (m),rays,float,-5 .. 0,-0.5,/p/rays/zMax,/pn/rays/zMax,
rays.repelRadius,Radio repulsión (m),rays,float,0.1 .. 5,1,/p/rays/repelRadius,/pn/rays/repelRadius,
rays.repelStrength,Fuerza repulsión,rays,float,0 .. 10,3,/p/rays/repelStrength,/pn/rays/repelStrength,
rays.impactRadius,Radio impacto (m),rays,float,0.1 .. 6,1.5,/p/rays/impactRadius,/pn/rays/impactRadius,
rays.impactStrength,Fuerza impacto,rays,float,0 .. 10,4,/p/rays/impactStrength,/pn/rays/impactStrength,
rays.bloom,Bloom,rays,float,0 .. 1,1,/p/rays/bloom,/pn/rays/bloom,
rays.color,Color,rays,color,hex #RRGGBB,#FFFFFF,/p/rays/color,/pn/rays/color,
particles.opacity,Partículas,particles,float,0 .. 1,0,/p/particles/opacity,/pn/particles/opacity,
particles.count,Cantidad,particles,int,4096 .. 524288,262144,/p/particles/count,/pn/particles/count,
particles.baseColor,Color base,particles,color,hex #RRGGBB,#FF0000,/p/particles/baseColor,/pn/particles/baseColor,
particles.whiteSpeedMin,Blanco desde,particles,float,0 .. 5,0.6,/p/particles/whiteSpeedMin,/pn/particles/whiteSpeedMin,
particles.whiteSpeedMax,Blanco hasta,particles,float,0 .. 10,3,/p/particles/whiteSpeedMax,/pn/particles/whiteSpeedMax,
particles.size,Tamaño,particles,float,0.5 .. 6,2,/p/particles/size,/pn/particles/size,
particles.length,Largo,particles,float,0.02 .. 4,1,/p/particles/length,/pn/particles/length,
particles.speed,Velocidad sim,particles,float,0 .. 2,0.8,/p/particles/speed,/pn/particles/speed,
particles.turbulence,Turbulencia,particles,float,0 .. 2,0.6,/p/particles/turbulence,/pn/particles/turbulence,
particles.turbulenceScale,Escala turbulencia,particles,float,0.005 .. 0.05,0.015,/p/particles/turbulenceScale,/pn/particles/turbulenceScale,
particles.turbulenceSpeed,Vel. turbulencia,particles,float,0 .. 2,0.5,/p/particles/turbulenceSpeed,/pn/particles/turbulenceSpeed,
particles.density,Densidad,particles,float,0.4 .. 2,0.4,/p/particles/density,/pn/particles/density,
particles.stiffness,Rigidez,particles,float,0.5 .. 10,3,/p/particles/stiffness,/pn/particles/stiffness,
particles.viscosity,Viscosidad,particles,float,0.01 .. 0.4,0.1,/p/particles/viscosity,/pn/particles/viscosity,
particles.gravityY,Gravedad Y,particles,float,-1 .. 1,0,/p/particles/gravityY,/pn/particles/gravityY,
particles.bloom,Bloom,particles,float,0 .. 1,1,/p/particles/bloom,/pn/particles/bloom,
particles.flowX,Flujo X,particles,float,-3 .. 3,0,/p/particles/flowX,/pn/particles/flowX,
particles.flowY,Flujo Y,particles,float,-3 .. 3,0,/p/particles/flowY,/pn/particles/flowY,
particles.flowZ,Flujo Z,particles,float,-3 .. 3,0,/p/particles/flowZ,/pn/particles/flowZ,
particles.drag,Rozamiento,particles,float,0 .. 1,0,/p/particles/drag,/pn/particles/drag,
particles.wrapMode,Emisión continua,particles,enum,off | vertical,off,/p/particles/wrapMode,/pn/particles/wrapMode,
particles.wrapTop,Tope wrap (m),particles,float,0 .. 4,3.5,/p/particles/wrapTop,/pn/particles/wrapTop,
particles.kickAmount,Golpe,particles,float,0 .. 3,1,/p/particles/kickAmount,/pn/particles/kickAmount,
particles.kickDecay,Caída del golpe (s),particles,float,0.05 .. 3,0.4,/p/particles/kickDecay,/pn/particles/kickDecay,
vortex.swirl,Torbellino giro,vortex,float,0 .. 4,0,/p/vortex/swirl,/pn/vortex/swirl,
vortex.pull,Torbellino atracción,vortex,float,0 .. 4,0,/p/vortex/pull,/pn/vortex/pull,
vortex.lift,Torbellino ascenso,vortex,float,-2 .. 2,0,/p/vortex/lift,/pn/vortex/lift,
vortex.radius,Torbellino radio (m),vortex,float,0.2 .. 6,2,/p/vortex/radius,/pn/vortex/radius,
vortex.x,Torbellino X (m),vortex,float,-4 .. 4,0,/p/vortex/x,/pn/vortex/x,
vortex.z,Torbellino Z (m),vortex,float,-5 .. 0,-1.84,/p/vortex/z,/pn/vortex/z,
scene.goto,Ir a escena,scene,accion,id de escena,,/a/scene/goto,,
scene.next,Escena siguiente,scene,accion,,,/a/scene/next,,
scene.prev,Escena anterior,scene,accion,,,/a/scene/prev,,
warning.pulse,Pulso de fondo,warning,accion,,,/a/warning/pulse,,
warning.bgOff,Apagar fondo (1b),warning,accion,,,/a/warning/bgOff,,
warning.bgOn,Prender fondo,warning,accion,,,/a/warning/bgOn,,
grid.b1.toggle,Bloque 1 on/off,grid,accion,,,/a/grid/b1/toggle,,
grid.b1.flip,Bloque 1 invertir,grid,accion,,,/a/grid/b1/flip,,
grid.b2.toggle,Bloque 2 on/off,grid,accion,,,/a/grid/b2/toggle,,
grid.b2.flip,Bloque 2 invertir,grid,accion,,,/a/grid/b2/flip,,
grid.b3.toggle,Bloque 3 on/off,grid,accion,,,/a/grid/b3/toggle,,
grid.b3.flip,Bloque 3 invertir,grid,accion,,,/a/grid/b3/flip,,
grid.b4.toggle,Bloque 4 on/off,grid,accion,,,/a/grid/b4/toggle,,
grid.b4.flip,Bloque 4 invertir,grid,accion,,,/a/grid/b4/flip,,
grid.b5.toggle,Bloque 5 on/off,grid,accion,,,/a/grid/b5/toggle,,
grid.b5.flip,Bloque 5 invertir,grid,accion,,,/a/grid/b5/flip,,
grid.toggleAll,Todas on/off,grid,accion,,,/a/grid/toggleAll,,
grid.randomize,Offsets al azar,grid,accion,,,/a/grid/randomize,,
sweep.blue,Barrido azul (6),sweep,accion,random | 1..5,,/a/sweep/blue,,
sweep.white,Barrido blanco (6b),sweep,accion,random | 1..5,,/a/sweep/white,,
sweep.solid,Bloque sólido (6c),sweep,accion,random | 1..5,,/a/sweep/solid,,
line.strike,Disparar línea,line,accion,edge | center | random | px,,/a/line/strike,,
line.flip,Invertir sentido (2b),line,accion,,,/a/line/flip,,
line.rotate,Girar 90°,line,accion,,,/a/line/rotate,,
line.hide,Apagar línea,line,accion,,,/a/line/hide,,
floor.reveal,Extender piso,floor,accion,,,/a/floor/reveal,,
floor.hide,Retraer piso,floor,accion,,,/a/floor/hide,,
ray.spawn,Disparar rayo,rays,accion,random | left | center | right | número,,/a/ray/spawn,,
particles.resetInBox,Reubicar en la caja,particles,accion,,,/a/particles/resetInBox,,
particles.kick,Golpe de turbulencia,particles,accion,,,/a/particles/kick,,